{"architecture": "ff", "num_epochs": 2, "num_processes": 1, "threads": 2, "is_distributed": "n", "training_time": 20.821182250976562, "accuracy": 39.66166666666667, "avg_loss": 2.066940861606598}