{"architecture": "ff", "num_epochs": 2, "num_processes": 1, "threads": 4, "is_distributed": "n", "training_time": 24.692580938339233, "accuracy": 48.72833333333333, "avg_loss": 1.806900177717209}