{"architecture": "ff", "num_epochs": 2, "num_processes": 1, "threads": 1, "is_distributed": "n", "training_time": 20.536506175994873, "accuracy": 30.446666666666665, "avg_loss": 1.9344943601608275}