{"architecture": "conv", "num_epochs": 2, "num_processes": 2, "threads": 15, "is_distributed": "y", "training_time": 131.78227186203003, "accuracy": 90.39333333333333, "avg_loss": 0.3209315487069388}