{"architecture": "ff", "num_epochs": 2, "num_processes": 1, "threads": 3, "is_distributed": "n", "training_time": 22.8624267578125, "accuracy": 59.04833333333333, "avg_loss": 1.6370567987918854}