{"architecture": "conv", "num_epochs": 2, "num_processes": 1, "threads": 12, "is_distributed": "n", "training_time": 146.69926953315735, "accuracy": 90.93166666666667, "avg_loss": 0.3035682958006859}