{"architecture": "ff", "num_epochs": 2, "num_processes": 2, "threads": 7, "is_distributed": "y", "training_time": 28.016448736190796, "accuracy": 39.821666666666665, "avg_loss": 1.7806839851220448}