{"architecture": "conv", "num_epochs": 2, "num_processes": 2, "threads": 4, "is_distributed": "y", "training_time": 34.49969696998596, "accuracy": 91.41333333333333, "avg_loss": 0.293434674121812}