{"architecture": "ff", "num_epochs": 2, "num_processes": 2, "threads": 12, "is_distributed": "y", "training_time": 49.01250100135803, "accuracy": 45.751666666666665, "avg_loss": 1.881340560054779}