{"architecture": "ff", "num_epochs": 2, "num_processes": 2, "threads": 15, "is_distributed": "y", "training_time": 63.481202125549316, "accuracy": 59.36666666666667, "avg_loss": 1.7026642440478006}