{"architecture": "ff", "num_epochs": 2, "num_processes": 1, "threads": 13, "is_distributed": "n", "training_time": 53.864612340927124, "accuracy": 43.67166666666667, "avg_loss": 1.7216153808752697}