{"architecture": "ff", "num_epochs": 2, "num_processes": 1, "threads": 9, "is_distributed": "n", "training_time": 42.88839149475098, "accuracy": 61.54666666666667, "avg_loss": 1.726883779446284}