{"architecture": "conv", "num_epochs": 2, "num_processes": 3, "threads": 13, "is_distributed": "y", "training_time": 13.028973579406738, "accuracy": 11.323333333333334, "avg_loss": 2.2985058323224385, "batch_size": 256}