{"architecture": "conv", "num_epochs": 2, "num_processes": 3, "threads": 9, "is_distributed": "y", "training_time": 11.888548374176025, "accuracy": 43.52333333333333, "avg_loss": 2.2303300183614096, "batch_size": 128}