{"architecture": "conv", "num_epochs": 2, "num_processes": 2, "threads": 7, "is_distributed": "y", "training_time": 13.75846004486084, "accuracy": 47.30166666666667, "avg_loss": 2.2462527526219684, "batch_size": 128}