{"architecture": "conv", "num_epochs": 2, "num_processes": 4, "threads": 11, "is_distributed": "y", "training_time": 25.782216787338257, "accuracy": 65.49666666666667, "avg_loss": 1.975903997898102, "batch_size": 64}