{"architecture": "conv", "num_epochs": 2, "num_processes": 3, "threads": 10, "is_distributed": "y", "training_time": 18.09389591217041, "accuracy": 72.08666666666667, "avg_loss": 1.5329537364006043, "batch_size": 64}