{"architecture": "conv", "num_epochs": 2, "num_processes": 2, "threads": 10, "is_distributed": "y", "training_time": 20.962449073791504, "accuracy": 73.86833333333334, "avg_loss": 1.4748408772468566, "batch_size": 64}