{"architecture": "conv", "num_epochs": 2, "num_processes": 3, "threads": 10, "is_distributed": "y", "training_time": 14.820584535598755, "accuracy": 39.82666666666667, "avg_loss": 2.2494745569229124, "batch_size": 128}