{"architecture": "conv", "num_epochs": 2, "num_processes": 2, "threads": 10, "is_distributed": "y", "training_time": 12.98453402519226, "accuracy": 12.563333333333333, "avg_loss": 2.278738846206665, "batch_size": 256}