{"architecture": "conv", "num_epochs": 2, "num_processes": 3, "threads": 3, "is_distributed": "y", "training_time": 19.690988779067993, "accuracy": 89.21333333333334, "avg_loss": 0.36323018638566135, "batch_size": 12}