{"architecture": "conv", "num_epochs": 2, "num_processes": 4, "threads": 11, "is_distributed": "y", "training_time": 70.73799872398376, "accuracy": 90.95666666666666, "avg_loss": 0.3116797194759051, "batch_size": 12}