{"architecture": "conv", "num_epochs": 2, "num_processes": 4, "threads": 11, "is_distributed": "y", "training_time": 70.45353484153748, "accuracy": 89.81833333333333, "avg_loss": 0.34027796463121973, "batch_size": 12}