{"architecture": "conv", "num_epochs": 2, "num_processes": 3, "threads": 2, "is_distributed": "y", "training_time": 12.406954526901245, "accuracy": 71.64166666666667, "avg_loss": 1.6447668318589528, "batch_size": 64}