{"architecture": "conv", "num_epochs": 2, "num_processes": 3, "threads": 16, "is_distributed": "y", "training_time": 49.313101053237915, "accuracy": 59.07666666666667, "avg_loss": 2.0828121624946596, "batch_size": 64}