{"architecture": "conv", "num_epochs": 2, "num_processes": 3, "threads": 5, "is_distributed": "y", "training_time": 15.27456784248352, "accuracy": 85.26333333333334, "avg_loss": 0.5403454843560854, "batch_size": 32}