{"architecture": "conv", "num_epochs": 2, "num_processes": 3, "threads": 2, "is_distributed": "y", "training_time": 18.23927092552185, "accuracy": 91.43666666666667, "avg_loss": 0.29205224505513905, "batch_size": 12}