{"architecture": "conv", "num_epochs": 2, "num_processes": 4, "threads": 8, "is_distributed": "y", "training_time": 47.000051736831665, "accuracy": 68.06166666666667, "avg_loss": 1.9105510467847189, "batch_size": 64}