{"architecture": "conv", "num_epochs": 2, "num_processes": 3, "threads": 14, "is_distributed": "y", "training_time": 27.2701678276062, "accuracy": 74.17166666666667, "avg_loss": 1.4888031380176545, "batch_size": 64}