{"architecture": "conv", "num_epochs": 2, "num_processes": 2, "threads": 10, "is_distributed": "y", "training_time": 15.90774130821228, "accuracy": 44.86833333333333, "avg_loss": 2.2088883938471477, "batch_size": 128}