{"architecture": "conv", "num_epochs": 2, "num_processes": 4, "threads": 3, "is_distributed": "y", "training_time": 8.80261516571045, "accuracy": 17.833333333333332, "avg_loss": 2.28698696902593, "batch_size": 256}