{"architecture": "conv", "num_epochs": 2, "num_processes": 3, "threads": 13, "is_distributed": "y", "training_time": 44.17897391319275, "accuracy": 80.62166666666667, "avg_loss": 0.7566687798817953, "batch_size": 32}