{"architecture": "conv", "num_epochs": 2, "num_processes": 3, "threads": 6, "is_distributed": "y", "training_time": 10.453479528427124, "accuracy": 37.086666666666666, "avg_loss": 2.2018874780019124, "batch_size": 128}