{"architecture": "conv", "num_epochs": 2, "num_processes": 3, "threads": 6, "is_distributed": "y", "training_time": 12.28909707069397, "accuracy": 73.26333333333334, "avg_loss": 1.3820804563363394, "batch_size": 64}