{"architecture": "conv", "num_epochs": 2, "num_processes": 3, "threads": 6, "is_distributed": "y", "training_time": 63.94396638870239, "accuracy": 91.05333333333333, "avg_loss": 0.3086457804058989, "batch_size": 12}