{"architecture": "conv", "num_epochs": 2, "num_processes": 4, "threads": 5, "is_distributed": "y", "training_time": 10.230625629425049, "accuracy": 79.85666666666667, "avg_loss": 0.8805600302735964, "batch_size": 64}