{"architecture": "conv", "num_epochs": 2, "num_processes": 3, "threads": 15, "is_distributed": "y", "training_time": 59.21675205230713, "accuracy": 82.75833333333334, "avg_loss": 0.6299107510407765, "batch_size": 32}