{"architecture": "conv", "num_epochs": 2, "num_processes": 2, "threads": 14, "is_distributed": "y", "training_time": 44.49185395240784, "accuracy": 79.98666666666666, "avg_loss": 0.82561229382356, "batch_size": 32}