{"architecture": "conv", "num_epochs": 2, "num_processes": 3, "threads": 14, "is_distributed": "y", "training_time": 129.21769833564758, "accuracy": 89.88666666666667, "avg_loss": 0.34010714264387887, "batch_size": 12}