{"architecture": "conv", "num_epochs": 2, "num_processes": 4, "threads": 14, "is_distributed": "y", "training_time": 52.64237976074219, "accuracy": 85.40666666666667, "avg_loss": 0.5288260437071324, "batch_size": 32}