{"architecture": "conv", "num_epochs": 2, "num_processes": 2, "threads": 8, "is_distributed": "y", "training_time": 28.71950054168701, "accuracy": 86.01833333333333, "avg_loss": 0.5032782829364141, "batch_size": 32}