{"architecture": "conv", "num_epochs": 2, "num_processes": 3, "threads": 6, "is_distributed": "y", "training_time": 12.131585121154785, "accuracy": 63.18833333333333, "avg_loss": 2.0981577499389648, "batch_size": 64}