{"architecture": "conv", "num_epochs": 2, "num_processes": 4, "threads": 13, "is_distributed": "y", "training_time": 108.70844197273254, "accuracy": 90.93166666666667, "avg_loss": 0.29478111881663405, "batch_size": 12}