{"architecture": "conv", "num_epochs": 2, "num_processes": 2, "threads": 16, "is_distributed": "y", "training_time": 22.652156352996826, "accuracy": 18.471666666666668, "avg_loss": 2.28173604110082, "batch_size": 256}