{"architecture": "conv", "num_epochs": 2, "num_processes": 2, "threads": 16, "is_distributed": "y", "training_time": 77.52445697784424, "accuracy": 84.07166666666667, "avg_loss": 0.5765574447214603, "batch_size": 32}