{"architecture": "conv", "num_epochs": 2, "num_processes": 2, "threads": 3, "is_distributed": "y", "training_time": 17.153963804244995, "accuracy": 85.40166666666667, "avg_loss": 0.5254929965337117, "batch_size": 32}