{"architecture": "conv", "num_epochs": 2, "num_processes": 2, "threads": 7, "is_distributed": "y", "training_time": 24.850265979766846, "accuracy": 83.03833333333333, "avg_loss": 0.6586160614768664, "batch_size": 32}