{"architecture": "conv", "num_epochs": 2, "num_processes": 3, "threads": 8, "is_distributed": "y", "training_time": 14.549052715301514, "accuracy": 35.833333333333336, "avg_loss": 2.2731275250752767, "batch_size": 128}