{"architecture": "conv", "num_epochs": 2, "num_processes": 3, "threads": 7, "is_distributed": "y", "training_time": 13.978546380996704, "accuracy": 69.57333333333334, "avg_loss": 1.7719240432421366, "batch_size": 64}