{"architecture": "conv", "num_epochs": 2, "num_processes": 2, "threads": 16, "is_distributed": "y", "training_time": 22.994285583496094, "accuracy": 17.283333333333335, "avg_loss": 2.280687265618642, "batch_size": 256}