{"architecture": "conv", "num_epochs": 2, "num_processes": 4, "threads": 2, "is_distributed": "y", "training_time": 11.706302404403687, "accuracy": 85.32166666666667, "avg_loss": 0.5417842908163866, "batch_size": 32}