{"architecture": "conv", "num_epochs": 2, "num_processes": 3, "threads": 5, "is_distributed": "y", "training_time": 11.444475173950195, "accuracy": 58.78666666666667, "avg_loss": 2.1549518158912657, "batch_size": 64}