{"architecture": "conv", "num_epochs": 2, "num_processes": 4, "threads": 4, "is_distributed": "y", "training_time": 9.281776428222656, "accuracy": 73.43166666666667, "avg_loss": 1.4042493139266967, "batch_size": 64}