{"architecture": "conv", "num_epochs": 2, "num_processes": 3, "threads": 5, "is_distributed": "y", "training_time": 10.441287994384766, "accuracy": 58.07833333333333, "avg_loss": 2.222709131558736, "batch_size": 128}