{"architecture": "conv", "num_epochs": 2, "num_processes": 3, "threads": 13, "is_distributed": "y", "training_time": 100.39374995231628, "accuracy": 90.23833333333333, "avg_loss": 0.32764143139670293, "batch_size": 12}