{"architecture": "conv", "num_epochs": 2, "num_processes": 2, "threads": 2, "is_distributed": "y", "training_time": 17.40779447555542, "accuracy": 13.563333333333333, "avg_loss": 2.2827171106974284, "batch_size": 256}