{"architecture": "conv", "num_epochs": 2, "num_processes": 3, "threads": 10, "is_distributed": "y", "training_time": 64.82077741622925, "accuracy": 91.41166666666666, "avg_loss": 0.2943429977815598, "batch_size": 12}