{"architecture": "conv", "num_epochs": 2, "num_processes": 4, "threads": 14, "is_distributed": "y", "training_time": 144.38142228126526, "accuracy": 90.54666666666667, "avg_loss": 0.3207246609954784, "batch_size": 12}