{"architecture": "conv", "num_epochs": 2, "num_processes": 4, "threads": 6, "is_distributed": "y", "training_time": 15.30818772315979, "accuracy": 77.09333333333333, "avg_loss": 1.1935361637353896, "batch_size": 64}