{"architecture": "conv", "num_epochs": 2, "num_processes": 4, "threads": 16, "is_distributed": "y", "training_time": 54.91928839683533, "accuracy": 57.928333333333335, "avg_loss": 2.109266333611806, "batch_size": 64}