{"architecture": "conv", "num_epochs": 2, "num_processes": 4, "threads": 10, "is_distributed": "y", "training_time": 16.17330527305603, "accuracy": 48.14333333333333, "avg_loss": 2.2360404741923015, "batch_size": 128}