{"architecture": "conv", "num_epochs": 2, "num_processes": 3, "threads": 5, "is_distributed": "y", "training_time": 10.007038831710815, "accuracy": 28.571666666666665, "avg_loss": 2.263611641693115, "batch_size": 256}