{"architecture": "conv", "num_epochs": 2, "num_processes": 2, "threads": 3, "is_distributed": "y", "training_time": 15.339358806610107, "accuracy": 67.36333333333333, "avg_loss": 1.842385825665792, "batch_size": 64}