{"architecture": "conv", "num_epochs": 2, "num_processes": 2, "threads": 3, "is_distributed": "y", "training_time": 15.771311521530151, "accuracy": 37.03333333333333, "avg_loss": 2.2538112727801005, "batch_size": 128}