{"architecture": "conv", "num_epochs": 2, "num_processes": 2, "threads": 12, "is_distributed": "y", "training_time": 16.57222056388855, "accuracy": 48.00833333333333, "avg_loss": 2.206574091243744, "batch_size": 128}