{"architecture": "conv", "num_epochs": 2, "num_processes": 4, "threads": 10, "is_distributed": "y", "training_time": 30.10852837562561, "accuracy": 77.40833333333333, "avg_loss": 1.0151557263771693, "batch_size": 32}