{"architecture": "conv", "num_epochs": 2, "num_processes": 4, "threads": 10, "is_distributed": "y", "training_time": 64.46391916275024, "accuracy": 89.87333333333333, "avg_loss": 0.33904780355244873, "batch_size": 12}