{"architecture": "conv", "num_epochs": 2, "num_processes": 3, "threads": 8, "is_distributed": "y", "training_time": 14.472214460372925, "accuracy": 51.13333333333333, "avg_loss": 2.14713853114446, "batch_size": 128}