{"architecture": "conv", "num_epochs": 2, "num_processes": 4, "threads": 12, "is_distributed": "y", "training_time": 15.591343879699707, "accuracy": 33.37833333333333, "avg_loss": 2.220928225549062, "batch_size": 128}