{"architecture": "conv", "num_epochs": 2, "num_processes": 3, "threads": 16, "is_distributed": "y", "training_time": 30.71456742286682, "accuracy": 46.218333333333334, "avg_loss": 2.1987511339187624, "batch_size": 128}