{"architecture": "conv", "num_epochs": 2, "num_processes": 4, "threads": 13, "is_distributed": "y", "training_time": 15.403984546661377, "accuracy": 25.048333333333332, "avg_loss": 2.275031682459513, "batch_size": 128}