{"architecture": "conv", "num_epochs": 2, "num_processes": 2, "threads": 14, "is_distributed": "y", "training_time": 28.036497592926025, "accuracy": 68.06166666666667, "avg_loss": 1.906428265285492, "batch_size": 64}