{"architecture": "conv", "num_epochs": 2, "num_processes": 4, "threads": 7, "is_distributed": "y", "training_time": 184.48396062850952, "accuracy": 90.37333333333333, "avg_loss": 0.3210359247239927, "batch_size": 12}