{"architecture": "conv", "num_epochs": 2, "num_processes": 3, "threads": 5, "is_distributed": "y", "training_time": 40.84270739555359, "accuracy": 90.39666666666666, "avg_loss": 0.3226135668441653, "batch_size": 12}