{"architecture": "conv", "num_epochs": 2, "num_processes": 2, "threads": 14, "is_distributed": "y", "training_time": 13.526598930358887, "accuracy": 34.24333333333333, "avg_loss": 2.23459634475708, "batch_size": 256}