{"architecture": "conv", "num_epochs": 2, "num_processes": 3, "threads": 12, "is_distributed": "y", "training_time": 11.307841062545776, "accuracy": 35.388333333333335, "avg_loss": 2.2399987426757813, "batch_size": 256}