{"architecture": "conv", "num_epochs": 2, "num_processes": 4, "threads": 2, "is_distributed": "y", "training_time": 14.421514987945557, "accuracy": 90.51333333333334, "avg_loss": 0.3205682783437272, "batch_size": 12}