{"architecture": "conv", "num_epochs": 2, "num_processes": 3, "threads": 11, "is_distributed": "y", "training_time": 70.91584467887878, "accuracy": 90.53833333333333, "avg_loss": 0.3192878026157618, "batch_size": 12}