{"architecture": "conv", "num_epochs": 2, "num_processes": 4, "threads": 15, "is_distributed": "y", "training_time": 37.18322491645813, "accuracy": 42.696666666666665, "avg_loss": 2.2583857443173727, "batch_size": 64}