{"architecture": "conv", "num_epochs": 2, "num_processes": 4, "threads": 5, "is_distributed": "y", "training_time": 19.4266357421875, "accuracy": 84.39166666666667, "avg_loss": 0.5854949205676715, "batch_size": 32}