{"architecture": "conv", "num_epochs": 2, "num_processes": 2, "threads": 15, "is_distributed": "y", "training_time": 13.73338794708252, "accuracy": 17.951666666666668, "avg_loss": 2.2916526425997414, "batch_size": 256}