{"architecture": "conv", "num_epochs": 2, "num_processes": 4, "threads": 8, "is_distributed": "y", "training_time": 25.508841514587402, "accuracy": 31.298333333333332, "avg_loss": 2.2619700477282207, "batch_size": 128}