{"architecture": "conv", "num_epochs": 2, "num_processes": 4, "threads": 13, "is_distributed": "y", "training_time": 15.578772783279419, "accuracy": 35.526666666666664, "avg_loss": 2.252115871429443, "batch_size": 128}