{"architecture": "conv", "num_epochs": 2, "num_processes": 2, "threads": 11, "is_distributed": "y", "training_time": 12.985199213027954, "accuracy": 21.001666666666665, "avg_loss": 2.290885694249471, "batch_size": 256}