{"architecture": "conv", "num_epochs": 2, "num_processes": 2, "threads": 3, "is_distributed": "y", "training_time": 14.732084274291992, "accuracy": 57.98166666666667, "avg_loss": 2.1511452924728394, "batch_size": 64}