{"architecture": "conv", "num_epochs": 2, "num_processes": 3, "threads": 15, "is_distributed": "y", "training_time": 32.83279204368591, "accuracy": 60.513333333333335, "avg_loss": 1.9660654609680175, "batch_size": 64}