{"architecture": "conv", "num_epochs": 2, "num_processes": 3, "threads": 16, "is_distributed": "y", "training_time": 24.150967597961426, "accuracy": 27.678333333333335, "avg_loss": 2.2628943247795106, "batch_size": 256}