{"architecture": "conv", "num_epochs": 2, "num_processes": 3, "threads": 3, "is_distributed": "y", "training_time": 10.96213984489441, "accuracy": 14.813333333333333, "avg_loss": 2.290521155579885, "batch_size": 256}