{"architecture": "conv", "num_epochs": 2, "num_processes": 3, "threads": 6, "is_distributed": "y", "training_time": 63.950860261917114, "accuracy": 90.11333333333333, "avg_loss": 0.3257660112152497, "batch_size": 12}