{"architecture": "conv", "num_epochs": 2, "num_processes": 4, "threads": 11, "is_distributed": "y", "training_time": 25.847755193710327, "accuracy": 70.68833333333333, "avg_loss": 1.6673694126605987, "batch_size": 64}