{"architecture": "conv", "num_epochs": 2, "num_processes": 4, "threads": 5, "is_distributed": "y", "training_time": 8.437262058258057, "accuracy": 24.541666666666668, "avg_loss": 2.257460409228007, "batch_size": 256}