{"architecture": "conv", "num_epochs": 2, "num_processes": 2, "threads": 14, "is_distributed": "y", "training_time": 13.858523845672607, "accuracy": 31.373333333333335, "avg_loss": 2.259361125087738, "batch_size": 256}