{"architecture": "conv", "num_epochs": 2, "num_processes": 4, "threads": 16, "is_distributed": "y", "training_time": 33.6314218044281, "accuracy": 42.00666666666667, "avg_loss": 2.2433678586959838, "batch_size": 128}