{"architecture": "conv", "num_epochs": 2, "num_processes": 2, "threads": 12, "is_distributed": "y", "training_time": 23.990445852279663, "accuracy": 74.15666666666667, "avg_loss": 1.5273001357078553, "batch_size": 64}