{"architecture": "conv", "num_epochs": 2, "num_processes": 3, "threads": 3, "is_distributed": "y", "training_time": 13.135390520095825, "accuracy": 85.87333333333333, "avg_loss": 0.4993473677744468, "batch_size": 32}