{"architecture": "conv", "num_epochs": 2, "num_processes": 4, "threads": 16, "is_distributed": "y", "training_time": 102.02908682823181, "accuracy": 85.45166666666667, "avg_loss": 0.5330661471913258, "batch_size": 32}