{"architecture": "conv", "num_epochs": 2, "num_processes": 2, "threads": 4, "is_distributed": "y", "training_time": 13.333061218261719, "accuracy": 20.026666666666667, "avg_loss": 2.2869501779238384, "batch_size": 256}