{"architecture": "conv", "num_epochs": 2, "num_processes": 2, "threads": 4, "is_distributed": "y", "training_time": 17.434463024139404, "accuracy": 86.62833333333333, "avg_loss": 0.4838728019287189, "batch_size": 32}