{"architecture": "conv", "num_epochs": 2, "num_processes": 3, "threads": 8, "is_distributed": "y", "training_time": 167.9964635372162, "accuracy": 91.48833333333333, "avg_loss": 0.2924905034991602, "batch_size": 12}