{"architecture": "conv", "num_epochs": 2, "num_processes": 4, "threads": 16, "is_distributed": "y", "training_time": 201.2061185836792, "accuracy": 91.07166666666667, "avg_loss": 0.3052388781525195, "batch_size": 12}