{"architecture": "conv", "num_epochs": 2, "num_processes": 3, "threads": 11, "is_distributed": "y", "training_time": 32.96178889274597, "accuracy": 81.51166666666667, "avg_loss": 0.7281098638017972, "batch_size": 32}