{"architecture": "conv", "num_epochs": 2, "num_processes": 2, "threads": 5, "is_distributed": "y", "training_time": 14.000247955322266, "accuracy": 48.20666666666666, "avg_loss": 2.1544603880882263, "batch_size": 128}