{"architecture": "conv", "num_epochs": 2, "num_processes": 3, "threads": 12, "is_distributed": "y", "training_time": 21.188915014266968, "accuracy": 74.43833333333333, "avg_loss": 1.570100492143631, "batch_size": 64}