{"architecture": "conv", "num_epochs": 2, "num_processes": 3, "threads": 4, "is_distributed": "y", "training_time": 13.592026233673096, "accuracy": 44.858333333333334, "avg_loss": 2.252010278447469, "batch_size": 32}