{"architecture": "conv", "num_epochs": 2, "num_processes": 3, "threads": 9, "is_distributed": "y", "training_time": 18.15198516845703, "accuracy": 74.09333333333333, "avg_loss": 1.387623867670695, "batch_size": 64}