{"architecture": "conv", "num_epochs": 2, "num_processes": 3, "threads": 7, "is_distributed": "y", "training_time": 10.055241107940674, "accuracy": 13.718333333333334, "avg_loss": 2.293381269041697, "batch_size": 256}