{"architecture": "conv", "num_epochs": 2, "num_processes": 1, "threads": 14, "is_distributed": "n", "training_time": 169.99596285820007, "accuracy": 89.02333333333333, "avg_loss": 0.3533698892074327}