{"architecture": "conv", "num_epochs": 2, "num_processes": 1, "threads": 1, "is_distributed": "n", "training_time": 56.50076913833618, "accuracy": 90.26666666666667, "avg_loss": 0.32932362342278165}