{"architecture": "conv", "num_epochs": 2, "num_processes": 1, "threads": 6, "is_distributed": "n", "training_time": 89.54557061195374, "accuracy": 90.94333333333333, "avg_loss": 0.3074389655997356}