{"architecture": "conv", "num_epochs": 2, "num_processes": 1, "threads": 2, "is_distributed": "n", "training_time": 46.635937213897705, "accuracy": 90.04666666666667, "avg_loss": 0.33343422460108996}