{"architecture": "conv", "num_epochs": 2, "num_processes": 2, "threads": 16, "is_distributed": "y", "training_time": 151.88800859451294, "accuracy": 89.29666666666667, "avg_loss": 0.3573505835297207}