{"architecture": "conv", "num_epochs": 2, "num_processes": 1, "threads": 8, "is_distributed": "n", "training_time": 125.15053868293762, "accuracy": 90.30333333333333, "avg_loss": 0.3243342149823904}