{"architecture": "ff", "num_epochs": 2, "num_processes": 1, "threads": 11, "is_distributed": "n", "training_time": 52.579684019088745, "accuracy": 42.626666666666665, "avg_loss": 1.6104914348920187}