{"architecture": "conv", "num_epochs": 2, "num_processes": 2, "threads": 2, "is_distributed": "y", "training_time": 24.035428047180176, "accuracy": 89.74666666666667, "avg_loss": 0.33645958971505363}