{"architecture": "conv", "num_epochs": 2, "num_processes": 2, "threads": 3, "is_distributed": "y", "training_time": 26.163667678833008, "accuracy": 90.17666666666666, "avg_loss": 0.3230394090745598}