{"architecture": "ff", "num_epochs": 2, "num_processes": 2, "threads": 9, "is_distributed": "y", "training_time": 35.405457496643066, "accuracy": 50.63666666666666, "avg_loss": 1.6558215303579966}