{"architecture": "ff", "num_epochs": 2, "num_processes": 2, "threads": 16, "is_distributed": "y", "training_time": 26.430790901184082, "accuracy": 47.791666666666664, "avg_loss": 1.8291319257100422}