{"architecture": "ff", "num_epochs": 2, "num_processes": 2, "threads": 3, "is_distributed": "y", "training_time": 12.933754205703735, "accuracy": 62.60166666666667, "avg_loss": 1.5337542319933573}