{"architecture": "conv", "num_epochs": 2, "num_processes": 2, "threads": 9, "is_distributed": "y", "training_time": 70.3486840724945, "accuracy": 90.80166666666666, "avg_loss": 0.3123259904331217}