{"architecture": "conv", "num_epochs": 2, "num_processes": 1, "threads": 14, "is_distributed": "n", "training_time": 169.4018955230713, "accuracy": 90.11333333333333, "avg_loss": 0.32140086581533156}