{"architecture": "ff", "num_epochs": 2, "num_processes": 1, "threads": 7, "is_distributed": "n", "training_time": 39.960973262786865, "accuracy": 49.666666666666664, "avg_loss": 1.7952659196376801}