{"architecture": "conv", "num_epochs": 2, "num_processes": 2, "threads": 12, "is_distributed": "y", "training_time": 95.4257161617279, "accuracy": 91.55666666666667, "avg_loss": 0.29014107632339003}