{"architecture": "conv", "num_epochs": 2, "num_processes": 2, "threads": 11, "is_distributed": "y", "training_time": 83.17588233947754, "accuracy": 90.75666666666666, "avg_loss": 0.3132526329639057}